id;title;description;location;status;category_id
1;Singapore Mexico;Tasty action-items;Hat;help-desk Tools Loan;1
2;magenta mission-critical New;revolutionize Markets;Dominica;Designer Handmade;2
3;compress;explicit;Up-sized index;Communications mint;3
4;connect microchip Investor;Sleek Netherlands;Digitized;Card Soft;4
5;Fantastic;payment XSS connecting;clicks-and-mortar Handmade;Manager;5
6;redefine PCI;withdrawal matrix synergize;throughput Georgia copy;Beauty cohesive;6
7;Philippine;metrics Administrator bypassing;payment Cross-group;Optional;7
8;Executive Fantastic;bypassing Savings Solutions;Games Checking copy;Bedfordshire metrics;8
9;Utah connecting;frictionless;Ergonomic input;pricing contingency;9
10;Global Cambridgeshire panel;bus Wooden Korean;deposit compress;Views Handcrafted Down-sized;10
